Date,Quantity
11/17/2024,84
11/17/2024,790
11/17/2024,5508
11/17/2024,8037
11/10/2024,2761
11/10/2024,5312
11/10/2024,1473
11/10/2024,734
11/10/2024,12859
11/10/2024,2
11/3/2024,2745
11/3/2024,29023
11/10/2024,1
11/3/2024,9760
11/3/2024,20097
10/27/2024,1
11/3/2024,5596
10/27/2024,818
10/27/2024,42
10/27/2024,3561
10/27/2024,734
10/20/2024,4
10/27/2024,9019
10/20/2024,1
10/20/2024,994
10/27/2024,1
10/20/2024,4313
10/20/2024,4219
10/20/2024,82
10/20/2024,3758
10/13/2024,5933
10/13/2024,144
10/13/2024,1346
10/13/2024,101
10/13/2024,5231
10/6/2024,1
10/6/2024,2427
10/13/2024,132
10/6/2024,2350
10/6/2024,3736
10/6/2024,3388
10/6/2024,1074
9/29/2024,2151
10/6/2024,1
9/29/2024,2692
9/29/2024,6713
10/13/2024,216
9/29/2024,4566
9/29/2024,2593
9/22/2024,4
9/22/2024,2420
9/22/2024,1275
9/22/2024,6452
9/22/2024,454
9/22/2024,1430
9/15/2024,212
9/15/2024,262
9/15/2024,1544
9/8/2024,2
9/15/2024,541
9/15/2024,4003
9/8/2024,8
9/8/2024,10747
9/15/2024,1596
9/8/2024,2166
9/15/2024,180
9/8/2024,2891
9/8/2024,2229
9/1/2024,1
9/8/2024,692
9/1/2024,300
9/1/2024,4513
9/1/2024,3096
9/1/2024,877
8/25/2024,1
8/25/2024,2476
8/25/2024,10147
8/25/2024,575
8/25/2024,496
8/18/2024,1
8/25/2024,2411
8/18/2024,9
8/18/2024,5764
8/25/2024,2
8/18/2024,2326
8/18/2024,4571
8/18/2024,11028
8/18/2024,5573
8/11/2024,1
8/11/2024,58
8/11/2024,388
8/11/2024,6499
8/11/2024,2566
8/11/2024,1820
8/4/2024,22451
8/11/2024,2
8/4/2024,1412
8/4/2024,595
8/4/2024,583
8/4/2024,26248
7/28/2024,2
7/28/2024,26390
8/4/2024,1
7/28/2024,5285
7/28/2024,13714
7/28/2024,73259
7/28/2024,40047
7/21/2024,954
7/21/2024,826
7/21/2024,2833
7/21/2024,9003
7/14/2024,166
7/21/2024,2031
7/14/2024,2304
7/14/2024,1139
7/14/2024,2478
7/14/2024,27686
7/21/2024,1
7/7/2024,1
7/14/2024,2402
7/7/2024,7
7/7/2024,1643
7/14/2024,60
7/7/2024,8689
7/21/2024,1
7/7/2024,11024
7/7/2024,40114
7/7/2024,19966
6/30/2024,1
6/30/2024,4314
7/7/2024,1
6/30/2024,9
6/30/2024,14885
6/30/2024,4326
7/7/2024,48
6/30/2024,30166
6/9/2024,1
6/23/2024,77389
6/23/2024,4267
6/9/2024,4
6/23/2024,502
6/23/2024,7430
6/16/2024,5
6/23/2024,17727
6/16/2024,575
6/23/2024,1
6/9/2024,4
6/16/2024,43613
6/9/2024,1
6/16/2024,4692
6/9/2024,1
6/16/2024,513
6/23/2024,1297
6/16/2024,13356
6/9/2024,3
6/16/2024,18082
6/9/2024,54
6/2/2024,1
6/9/2024,5412
6/16/2024,1
6/9/2024,13330
6/2/2024,4
6/9/2024,31688
6/9/2024,10285
6/9/2024,2823
6/2/2024,24
6/9/2024,1
6/2/2024,764
6/9/2024,1
6/2/2024,2511
6/2/2024,1016
6/2/2024,1266
6/2/2024,14849
5/26/2024,53
5/26/2024,4051
5/26/2024,45906
5/26/2024,4994
5/26/2024,2129
5/19/2024,6
5/19/2024,3715
5/26/2024,5
5/19/2024,13248
5/19/2024,20288
5/26/2024,2
5/19/2024,548
5/12/2024,2
5/19/2024,6797
5/12/2024,20669
5/12/2024,4416
5/12/2024,24103
5/12/2024,14215
5/12/2024,27581
5/5/2024,10
5/5/2024,16568
5/5/2024,7069
5/5/2024,398
5/5/2024,31439
5/19/2024,1
4/28/2024,11
5/5/2024,7116
4/28/2024,4
4/28/2024,2566
4/28/2024,5383
4/28/2024,9630
4/21/2024,3
4/28/2024,3659
4/28/2024,11402
4/21/2024,2
4/21/2024,6030
4/28/2024,1
4/21/2024,14597
4/21/2024,473
4/21/2024,20276
4/21/2024,10506
4/14/2024,7
4/21/2024,1
3/31/2024,1
4/7/2024,5
4/14/2024,26674
4/14/2024,519
4/14/2024,4913
3/31/2024,1
4/14/2024,4688
4/14/2024,39504
4/7/2024,4
4/7/2024,11833
4/14/2024,7
4/7/2024,2251
4/7/2024,22447
4/7/2024,9841
4/7/2024,21614
4/14/2024,60
4/28/2024,144
3/31/2024,3
3/31/2024,708
3/31/2024,17057
3/31/2024,2997
4/14/2024,1
3/24/2024,7
3/31/2024,1997
3/31/2024,7757
3/24/2024,11
3/17/2024,3
3/24/2024,18321
3/10/2024,5
3/17/2024,3
3/24/2024,573
3/24/2024,12584
3/24/2024,11816
3/24/2024,21857
3/17/2024,247
3/24/2024,108
3/17/2024,261
3/17/2024,291
3/24/2024,1
3/17/2024,12331
3/17/2024,10002
3/10/2024,8342
3/10/2024,1081
2/25/2024,1
3/3/2024,1
3/10/2024,272
3/10/2024,5458
3/10/2024,17600
3/3/2024,4
3/3/2024,140
3/10/2024,12
3/3/2024,85
3/3/2024,16573
3/3/2024,8518
3/3/2024,479
2/25/2024,2850
2/25/2024,39041
2/25/2024,2599
2/25/2024,3318
2/18/2024,1
2/25/2024,8588
2/18/2024,4440
2/25/2024,732
2/18/2024,128
2/18/2024,1636
2/4/2024,1
2/18/2024,8329
2/11/2024,1
2/18/2024,263
2/11/2024,134
2/18/2024,2
2/11/2024,154
2/4/2024,2
2/11/2024,204
2/11/2024,730
2/11/2024,12139
2/4/2024,71
2/4/2024,1623
2/4/2024,4381
2/4/2024,1333
1/28/2024,6
2/4/2024,25713
1/28/2024,2064
1/28/2024,2074
1/28/2024,2050
1/28/2024,4456
1/28/2024,1045
1/21/2024,135
1/21/2024,126
1/21/2024,496
1/21/2024,1420
1/14/2024,2
1/21/2024,12495
1/14/2024,1
1/14/2024,872
1/14/2024,13065
1/14/2024,185
1/14/2024,12
12/31/2023,1
1/14/2024,200
1/7/2024,32
1/7/2024,22834
12/31/2023,1
1/7/2024,10534
1/7/2024,11527
12/31/2023,2
1/7/2024,10234
12/31/2023,1741
12/31/2023,2631
12/31/2023,352
12/31/2023,9804
12/24/2023,1
12/24/2023,7006
12/17/2023,1
12/24/2023,12190
12/24/2023,8044
12/17/2023,68
12/10/2023,3
12/17/2023,6842
12/17/2023,15047
12/17/2023,15043
12/17/2023,12421
12/10/2023,1
12/10/2023,1112
12/10/2023,142
12/10/2023,7645
12/10/2023,6295
12/3/2023,4
12/10/2023,3224
12/3/2023,4
12/3/2023,922
12/3/2023,1978
12/3/2023,38569
12/3/2023,1828
11/12/2023,1
12/3/2023,13372
11/26/2023,9854
11/26/2023,4275
11/26/2023,154
11/26/2023,2437
11/26/2023,1119
11/19/2023,34
11/19/2023,346
11/19/2023,265
11/12/2023,4
11/19/2023,14236
11/12/2023,319
11/12/2023,456
11/12/2023,674
11/12/2023,1104
11/12/2023,224
11/12/2023,84
11/5/2023,33
11/5/2023,150
11/5/2023,138
11/5/2023,436
11/5/2023,14674
10/29/2023,47
10/29/2023,120
10/29/2023,910
10/29/2023,134
10/29/2023,8694
10/22/2023,3389
10/29/2023,12
10/22/2023,3742
10/22/2023,5517
10/22/2023,3055
10/22/2023,14077
10/15/2023,6015
10/15/2023,11231
10/15/2023,26112
10/15/2023,4170
10/15/2023,3376
10/8/2023,65
10/15/2023,36
10/1/2023,1
10/8/2023,1101
10/8/2023,206
10/8/2023,8275
10/8/2023,2760
10/1/2023,8997
10/8/2023,12
10/1/2023,3923
10/1/2023,6747
10/1/2023,84
10/1/2023,13914
9/24/2023,997
9/24/2023,2015
9/24/2023,39
9/24/2023,12460
9/24/2023,496
9/24/2023,3
9/17/2023,138
9/17/2023,178
9/17/2023,1220
9/17/2023,23
9/17/2023,729
9/17/2023,2017
9/10/2023,388
9/10/2023,673
9/10/2023,16
9/10/2023,125
9/24/2023,3
9/10/2023,43740
9/3/2023,32
9/3/2023,1859
9/3/2023,14104
9/3/2023,1193
8/27/2023,498
8/27/2023,70
8/27/2023,145
8/27/2023,14596
8/27/2023,2093
8/20/2023,150
8/27/2023,396
8/20/2023,859
8/20/2023,196
8/20/2023,1658
8/20/2023,18788
8/13/2023,432
8/13/2023,1051
8/13/2023,1289
8/13/2023,7400
8/6/2023,588
8/13/2023,24
8/6/2023,968
8/6/2023,4848
8/6/2023,165
8/6/2023,84280
7/30/2023,3382
7/30/2023,304
7/23/2023,1
7/30/2023,8912
7/30/2023,224
7/30/2023,16328
7/23/2023,4145
7/23/2023,664
7/23/2023,472
7/23/2023,40679
7/16/2023,2
7/23/2023,1859
7/16/2023,853
7/16/2023,52
7/16/2023,1562
7/16/2023,35095
8/6/2023,1
7/16/2023,5978
7/9/2023,2227
8/6/2023,1
7/9/2023,124
7/2/2023,1
7/9/2023,1183
7/9/2023,702
7/9/2023,773
7/2/2023,2605
7/2/2023,8399
7/2/2023,35184
7/2/2023,10711
6/25/2023,1
6/25/2023,831
6/25/2023,2577
6/25/2023,11572
6/25/2023,28395
6/25/2023,460
6/18/2023,2546
6/18/2023,2679
6/25/2023,1
6/18/2023,474
6/25/2023,2
6/18/2023,36026
6/18/2023,1784
6/11/2023,1003
6/18/2023,2
6/11/2023,532
6/4/2023,2
6/11/2023,584
6/11/2023,29460
6/4/2023,8
6/11/2023,8217
6/18/2023,1
6/4/2023,4
6/18/2023,1
6/4/2023,268
6/11/2023,2
6/4/2023,9332
6/11/2023,2
6/4/2023,1183
6/4/2023,503
6/4/2023,560
5/28/2023,148
5/28/2023,614
5/28/2023,24175
5/28/2023,4779
5/28/2023,22284
5/21/2023,3109
5/21/2023,18906
5/21/2023,3615
5/21/2023,2461
5/21/2023,8320
5/14/2023,1641
5/21/2023,19656
5/14/2023,9686
5/14/2023,14994
5/14/2023,144230
5/14/2023,1545
5/14/2023,3
5/7/2023,56
5/7/2023,158
5/7/2023,345
5/7/2023,17608
5/7/2023,573
4/30/2023,3575
5/7/2023,37
4/30/2023,293
4/30/2023,44
4/30/2023,617
4/23/2023,2
4/30/2023,6623
4/23/2023,559
4/23/2023,304
4/23/2023,6523
4/23/2023,7811
4/23/2023,127
4/23/2023,191
4/16/2023,7382
4/16/2023,2185
4/16/2023,12475
4/16/2023,6095
4/16/2023,7009
4/16/2023,16132
4/9/2023,2345
4/9/2023,-229
4/9/2023,12898
4/9/2023,6069
4/9/2023,748
4/9/2023,240
4/2/2023,16036
4/2/2023,15660
4/2/2023,6097
4/2/2023,2233
4/2/2023,2603
3/26/2023,69
3/26/2023,1250
4/2/2023,0
3/26/2023,1482
3/26/2023,1566
3/26/2023,6139
3/26/2023,1
3/19/2023,1468
3/19/2023,689
3/19/2023,2319
3/19/2023,862
3/19/2023,19
3/19/2023,1
3/12/2023,6115
3/12/2023,955
3/12/2023,478
3/12/2023,34
3/12/2023,590
3/5/2023,584
3/5/2023,322
3/12/2023,1
3/5/2023,410
3/12/2023,1
3/5/2023,2186
3/5/2023,7678
3/5/2023,1
2/26/2023,10571
2/26/2023,209
2/26/2023,1937
2/26/2023,2218
2/26/2023,6979
2/26/2023,34
2/19/2023,4606
2/19/2023,7656
2/19/2023,1428
2/19/2023,8296
2/19/2023,847
2/19/2023,26
2/12/2023,8494
2/19/2023,120
2/12/2023,6119
2/12/2023,3418
2/12/2023,1941
2/12/2023,7396
2/12/2023,28
2/5/2023,100
2/5/2023,20111
2/5/2023,242
2/5/2023,1361
2/5/2023,3284
2/5/2023,26
1/29/2023,791
2/5/2023,108
1/29/2023,229
1/29/2023,199
1/29/2023,8510
1/29/2023,10112
1/29/2023,39
1/22/2023,2998
1/29/2023,36
1/22/2023,6432
1/22/2023,473
1/22/2023,367
1/22/2023,7854
1/22/2023,16
1/15/2023,306
1/15/2023,2120
1/15/2023,1949
1/15/2023,4797
1/8/2023,0
1/15/2023,3240
1/22/2023,2
1/15/2023,10
1/8/2023,3319
1/15/2023,2
1/8/2023,3230
1/15/2023,84
1/8/2023,7531
1/8/2023,2039
1/8/2023,1488
1/1/2023,2
1/8/2023,35
1/1/2023,2632
1/1/2023,292
1/1/2023,472
1/1/2023,44133
1/1/2023,15
12/25/2022,4036
12/25/2022,4728
12/25/2022,27
12/18/2022,4621
12/18/2022,7652
12/18/2022,5244
12/18/2022,4314
12/11/2022,63
12/18/2022,10344
12/18/2022,21
12/11/2022,24
12/18/2022,12
12/11/2022,192
12/18/2022,12
12/11/2022,4780
12/11/2022,466
12/11/2022,8421
12/11/2022,2949
12/11/2022,24
12/4/2022,12
12/4/2022,226
12/11/2022,4
12/4/2022,8350
11/27/2022,2
12/4/2022,152
11/27/2022,4
12/4/2022,200
11/27/2022,2
12/4/2022,4140
11/27/2022,20251
12/4/2022,5
11/27/2022,4292
11/27/2022,20613
11/27/2022,938
11/27/2022,208
11/27/2022,2
11/20/2022,153
11/20/2022,2
11/20/2022,39
11/20/2022,10126
11/20/2022,3863
11/13/2022,151
11/20/2022,6
11/13/2022,33
11/13/2022,61
11/13/2022,1530
11/13/2022,1378
11/6/2022,6072
11/6/2022,114
11/6/2022,1079
11/6/2022,156
11/6/2022,361
10/30/2022,622
11/6/2022,2
10/30/2022,121
10/30/2022,422
10/30/2022,2705
10/23/2022,465
10/23/2022,26
10/23/2022,5661
10/23/2022,16263
10/23/2022,929
10/23/2022,300
10/16/2022,37
10/16/2022,8086
10/16/2022,72
10/16/2022,9910
10/9/2022,2
10/16/2022,618
10/16/2022,2
10/9/2022,126
10/9/2022,4094
10/9/2022,135
10/9/2022,206
10/23/2022,1
10/9/2022,1203
10/9/2022,2
10/2/2022,1201
10/9/2022,2
10/2/2022,5342
10/2/2022,524
10/2/2022,4727
10/2/2022,1920
10/2/2022,1
9/25/2022,36
9/25/2022,401
9/25/2022,56
9/25/2022,744
9/25/2022,328
9/25/2022,500
9/25/2022,38
9/18/2022,8086
9/18/2022,103
9/18/2022,306
9/25/2022,1
9/18/2022,1197
9/18/2022,617
9/18/2022,4
9/11/2022,58
9/11/2022,35
9/11/2022,1025
9/11/2022,7457
9/11/2022,1831
9/11/2022,2
9/4/2022,63
9/11/2022,4
9/4/2022,815
9/4/2022,871
9/4/2022,2516
9/4/2022,240
8/28/2022,6086
8/28/2022,4857
8/28/2022,10200
8/28/2022,921
8/21/2022,0
8/28/2022,1312
8/21/2022,4060
8/21/2022,3033
8/21/2022,893
8/21/2022,175
8/21/2022,533
8/21/2022,194
8/14/2022,24
8/14/2022,4067
8/14/2022,12178
8/14/2022,1005
8/14/2022,143
8/14/2022,8
8/7/2022,2405
8/7/2022,709
8/7/2022,219
8/7/2022,20449
8/7/2022,1357
8/7/2022,20
7/31/2022,593
7/31/2022,349
7/31/2022,528
7/31/2022,16639
7/31/2022,837
7/24/2022,1566
7/24/2022,313
7/24/2022,656
7/24/2022,156
7/31/2022,1
7/17/2022,2
7/24/2022,734
7/24/2022,4
7/17/2022,489
7/10/2022,2
7/17/2022,14361
7/17/2022,800
7/17/2022,176
7/17/2022,1485
7/17/2022,8
7/10/2022,1
7/10/2022,185
7/10/2022,522
7/10/2022,18135
7/10/2022,843
7/10/2022,20496
7/10/2022,21
7/3/2022,5
7/3/2022,9236
7/3/2022,11949
7/3/2022,241
7/3/2022,4679
7/3/2022,12
6/26/2022,522
7/3/2022,1
6/26/2022,633
6/26/2022,124131
6/26/2022,560
6/12/2022,2
6/26/2022,2225
6/26/2022,3
6/19/2022,11052
6/26/2022,24
6/19/2022,1530
6/19/2022,105
6/19/2022,1196
6/19/2022,1257
6/19/2022,4036
6/12/2022,6646
6/19/2022,24
6/12/2022,511
6/12/2022,308
6/12/2022,1352
6/5/2022,5
6/12/2022,9793
6/12/2022,66
6/5/2022,498
6/5/2022,23208
6/5/2022,4337
6/5/2022,27712
6/5/2022,1931
6/5/2022,21
5/29/2022,265
6/5/2022,2
5/29/2022,1168
5/29/2022,3968
5/29/2022,13370
5/29/2022,1
5/22/2022,12294
5/29/2022,1
5/22/2022,246
5/29/2022,1
5/22/2022,877
5/22/2022,18584
5/22/2022,2181
5/22/2022,4
5/15/2022,8289
5/22/2022,2
5/15/2022,208
5/22/2022,2
5/15/2022,165
5/15/2022,938
5/22/2022,1
5/15/2022,22560
5/8/2022,2381
5/15/2022,2
5/8/2022,6417
5/8/2022,7711
5/1/2022,1
5/8/2022,208
5/1/2022,4
5/8/2022,1071
5/8/2022,7
5/1/2022,7454
5/15/2022,36
5/1/2022,1042
5/1/2022,1990
5/1/2022,10469
5/1/2022,236
5/1/2022,2
4/24/2022,89
4/24/2022,25286
4/24/2022,2125
4/24/2022,2746
4/24/2022,13760
4/24/2022,2
4/17/2022,5
4/17/2022,156
4/17/2022,135
4/10/2022,1
4/17/2022,190
4/10/2022,12
4/17/2022,125
4/10/2022,6
4/17/2022,273
4/17/2022,3
4/10/2022,6587
4/17/2022,3
4/10/2022,102
4/10/2022,2389
4/10/2022,989
4/10/2022,194
4/3/2022,3174
4/10/2022,1
4/3/2022,1759
4/3/2022,880
4/3/2022,12764
4/24/2022,1
4/3/2022,1548
3/27/2022,762
3/27/2022,3880
3/27/2022,86
3/20/2022,1
3/27/2022,454
3/20/2022,2
3/27/2022,2592
3/27/2022,6
3/20/2022,45
3/20/2022,6224
3/20/2022,190
3/20/2022,62
3/20/2022,103
3/13/2022,2
3/20/2022,194
3/13/2022,35
3/13/2022,102
3/13/2022,54
3/13/2022,164
3/13/2022,262
3/6/2022,44
3/6/2022,14253
3/6/2022,273
3/6/2022,459
2/27/2022,1
3/6/2022,5407
2/27/2022,162
2/27/2022,156
2/27/2022,107
2/27/2022,27783
2/27/2022,56
2/20/2022,16128
2/20/2022,8176
2/20/2022,25
2/20/2022,248
2/20/2022,768
2/20/2022,1349
2/13/2022,40
2/13/2022,30
2/13/2022,150
2/13/2022,37801
2/13/2022,268
2/6/2022,13785
2/6/2022,144
2/6/2022,2748
2/6/2022,1066
1/30/2022,4
2/6/2022,500
1/30/2022,323
1/30/2022,151
2/6/2022,1
1/30/2022,740
1/30/2022,3968
1/30/2022,1642
1/23/2022,8854
1/23/2022,195
1/23/2022,1463
1/23/2022,174
1/23/2022,13854
1/16/2022,8390
1/16/2022,107
1/16/2022,21760
1/16/2022,1118
1/16/2022,7317
1/9/2022,179
1/9/2022,461
1/9/2022,5807
1/9/2022,316
1/9/2022,526
1/2/2022,438
1/9/2022,2
1/2/2022,833
1/2/2022,6214
1/2/2022,2420
1/2/2022,2002
1/9/2022,4
12/26/2021,1274
1/2/2022,4
12/26/2021,10318
12/19/2021,111
12/19/2021,1420
12/19/2021,1363
12/19/2021,5045
12/12/2021,1916
12/12/2021,76221
12/12/2021,422
12/12/2021,171
12/12/2021,955
12/5/2021,179
12/5/2021,348
12/5/2021,207
12/5/2021,227
12/5/2021,562
11/28/2021,98
11/28/2021,405
11/28/2021,387
11/28/2021,221
11/28/2021,144
11/28/2021,13
11/21/2021,79
11/28/2021,1
11/21/2021,279
11/14/2021,76
11/14/2021,5038
11/14/2021,-17
11/14/2021,74
11/14/2021,242
11/7/2021,42
11/7/2021,128
11/7/2021,31
11/7/2021,4603
10/31/2021,2
11/7/2021,183
10/31/2021,1952
10/31/2021,4902
10/31/2021,2100
10/31/2021,109
10/31/2021,484
10/24/2021,28
10/24/2021,2942
10/24/2021,5121
10/24/2021,1175
10/24/2021,342
10/17/2021,1275
10/17/2021,4120
10/17/2021,6502
10/17/2021,236
10/17/2021,488
10/10/2021,756
10/10/2021,3088
10/10/2021,932
10/10/2021,50
10/10/2021,717
10/3/2021,33
10/3/2021,942
10/3/2021,1800
10/3/2021,524
10/3/2021,386
9/26/2021,3360
10/3/2021,1
9/26/2021,1256
9/26/2021,3069
9/26/2021,109
9/26/2021,233
9/19/2021,2099
9/19/2021,6722
9/19/2021,798
9/26/2021,1
9/19/2021,376
9/19/2021,197
9/12/2021,2987
9/12/2021,1515
9/12/2021,57
9/12/2021,1759
9/12/2021,1908
9/5/2021,2267
9/5/2021,8888
9/12/2021,384
9/5/2021,4425
9/5/2021,1945
8/29/2021,2187
9/5/2021,2
8/29/2021,3175
8/29/2021,5348
8/29/2021,549
8/29/2021,2842
8/22/2021,2453
8/22/2021,1451
8/22/2021,1647
8/22/2021,4436
8/22/2021,3246
8/15/2021,5464
8/15/2021,2018
8/15/2021,130
8/15/2021,2736
8/8/2021,2
8/15/2021,2091
8/8/2021,1602
8/8/2021,260
8/8/2021,1369
8/8/2021,2503
8/8/2021,254
8/1/2021,4024
8/1/2021,3082
8/1/2021,1641
8/1/2021,4128
8/1/2021,7305
7/25/2021,1331
7/25/2021,5390
7/25/2021,1387
7/25/2021,396
7/25/2021,1934
7/18/2021,1177
7/18/2021,5024
7/25/2021,1
7/18/2021,2150
7/18/2021,1174
7/18/2021,3147
7/11/2021,2858
7/11/2021,3949
7/11/2021,1883
7/11/2021,2799
7/11/2021,4475
7/4/2021,4499
7/4/2021,8763
7/4/2021,2951
7/4/2021,115
7/11/2021,2
7/4/2021,2
6/27/2021,7016
6/27/2021,6952
6/27/2021,233
6/27/2021,1745
6/20/2021,6
6/27/2021,1234
6/20/2021,3743
6/20/2021,5065
6/20/2021,1730
6/20/2021,4113
6/20/2021,562
6/13/2021,3902
6/13/2021,603
6/13/2021,2730
6/13/2021,405
6/13/2021,5942
6/6/2021,16147
6/13/2021,1
6/6/2021,12678
6/6/2021,143
6/6/2021,193
6/6/2021,297
5/30/2021,141
6/6/2021,1
5/30/2021,861
5/30/2021,2826
5/30/2021,560
6/6/2021,1
5/23/2021,146
5/23/2021,1268
5/23/2021,788
5/23/2021,3172
5/23/2021,17920
5/16/2021,12547
5/23/2021,336
5/16/2021,584
5/16/2021,141
5/16/2021,29852
5/9/2021,2
5/16/2021,16307
5/9/2021,2401
5/9/2021,3537
5/9/2021,2804
5/9/2021,12614
5/9/2021,24201
5/2/2021,178
5/2/2021,498
5/2/2021,181
5/2/2021,2229
5/2/2021,7959
4/25/2021,1338
4/25/2021,6940
4/25/2021,5644
4/25/2021,3743
4/25/2021,11800
4/18/2021,14330
4/18/2021,7344
4/18/2021,132
4/18/2021,1939
4/18/2021,2021
4/11/2021,8866
4/11/2021,9611
4/11/2021,5901
4/11/2021,4975
4/11/2021,16932
4/4/2021,6955
4/4/2021,12651
4/4/2021,2998
4/4/2021,6216
4/4/2021,13467
3/28/2021,50753
3/28/2021,896
3/28/2021,1291
3/28/2021,546
3/21/2021,18075
3/21/2021,88
3/21/2021,1114
3/21/2021,217
3/21/2021,402
3/14/2021,7369
3/14/2021,4097
3/14/2021,829
3/21/2021,2
3/14/2021,750
3/14/2021,2881
3/7/2021,4637
3/7/2021,3882
3/7/2021,815
3/7/2021,1810
3/7/2021,833
2/28/2021,7976
2/28/2021,3615
2/28/2021,3373
2/28/2021,144
2/28/2021,3220
2/21/2021,4500
2/21/2021,69
2/21/2021,80
2/21/2021,341
2/21/2021,917
2/14/2021,1159
2/14/2021,1656
2/14/2021,145
2/14/2021,1006
2/14/2021,922
2/7/2021,688
2/7/2021,469
2/7/2021,321
2/7/2021,1954
2/7/2021,2314
1/31/2021,909
1/31/2021,222
1/31/2021,3007
1/31/2021,1133
1/31/2021,6248
1/24/2021,136
1/24/2021,4408
1/24/2021,10187
1/24/2021,236
1/24/2021,11608
1/17/2021,5830
1/17/2021,858
1/17/2021,1184
1/17/2021,2245
1/17/2021,1054
1/10/2021,816
1/17/2021,180
1/10/2021,112
1/10/2021,616
1/10/2021,290
1/10/2021,2153
1/3/2021,3165
1/10/2021,6
1/3/2021,365
1/3/2021,896
1/3/2021,4340
1/3/2021,1384
12/27/2020,856
12/27/2020,3750
12/20/2020,34
12/20/2020,63
12/20/2020,2798
12/20/2020,1614
12/20/2020,1373
12/20/2020,24
12/13/2020,122
12/6/2020,1
12/13/2020,1318
12/13/2020,803
12/13/2020,1327
12/13/2020,1229
12/6/2020,324
12/13/2020,4261
12/6/2020,3796
12/6/2020,82
12/6/2020,1380
12/13/2020,1
12/6/2020,853
12/6/2020,1426
11/29/2020,8261
12/6/2020,240
11/29/2020,119
11/29/2020,4185
11/29/2020,549
11/29/2020,82
11/22/2020,0
11/22/2020,110
11/22/2020,284
11/22/2020,210
11/22/2020,2952
11/15/2020,1743
11/15/2020,958
11/22/2020,828
11/15/2020,105
11/15/2020,540
11/15/2020,833
11/8/2020,1002
11/15/2020,1
11/8/2020,96
11/8/2020,144
11/8/2020,2720
11/8/2020,1334
11/8/2020,828
11/1/2020,17607
11/8/2020,85
11/1/2020,1116
11/1/2020,87
11/1/2020,4932
11/1/2020,132
10/25/2020,68
10/25/2020,51
10/25/2020,43
10/25/2020,475
10/25/2020,1570
10/18/2020,1492
10/18/2020,250
10/18/2020,716
10/18/2020,530
10/18/2020,1101
10/11/2020,1341
10/18/2020,180
10/11/2020,1955
10/11/2020,247
10/11/2020,78
10/11/2020,243
10/4/2020,1187
10/4/2020,86
10/4/2020,48
10/4/2020,35
10/4/2020,181
9/27/2020,2943
9/27/2020,33
9/27/2020,50
9/27/2020,126
9/27/2020,2126
9/20/2020,1061
9/20/2020,51
9/20/2020,1995
9/20/2020,2427
9/20/2020,4294
9/13/2020,3902
9/20/2020,2
9/13/2020,2345
9/13/2020,1260
9/13/2020,636
9/13/2020,4706
9/6/2020,84
9/6/2020,382
9/6/2020,1391
9/6/2020,362
8/30/2020,598
8/30/2020,58
9/6/2020,1
8/30/2020,52
8/30/2020,2856
8/30/2020,2749
8/23/2020,52
8/23/2020,62
8/23/2020,66
8/23/2020,9908
8/23/2020,9933
8/16/2020,2537
8/16/2020,91
8/16/2020,72
8/16/2020,216
8/16/2020,325
8/9/2020,93
8/9/2020,106
8/9/2020,89
8/9/2020,770
8/9/2020,1571
8/2/2020,3158
8/2/2020,2120
8/2/2020,2561
8/2/2020,510
8/2/2020,19
7/26/2020,-1
7/26/2020,54
7/26/2020,31
7/26/2020,7
7/26/2020,8
7/26/2020,20
7/19/2020,6
7/19/2020,14
7/19/2020,222
7/19/2020,323
7/19/2020,24
7/12/2020,180
7/12/2020,85
7/12/2020,2773
7/12/2020,1033
7/12/2020,896
7/5/2020,111
7/5/2020,292
7/5/2020,387
7/5/2020,922
7/5/2020,689
6/28/2020,3069
6/28/2020,4825
6/28/2020,6931
6/28/2020,1705
6/21/2020,4783
6/21/2020,3022
6/21/2020,2157
6/21/2020,2533
6/21/2020,4392
6/14/2020,3654
6/14/2020,629
6/21/2020,0
6/14/2020,4141
6/14/2020,5461
6/14/2020,4558
6/7/2020,2037
6/7/2020,108
6/14/2020,2
6/7/2020,7
6/7/2020,57
5/31/2020,1
6/7/2020,19
5/31/2020,47
5/31/2020,13
5/31/2020,24
5/31/2020,15
5/31/2020,118
5/24/2020,48
5/24/2020,46
5/24/2020,1245
5/24/2020,4045
5/17/2020,15102
5/24/2020,756
5/17/2020,10956
5/17/2020,5918
5/17/2020,95
5/17/2020,283
5/10/2020,12
5/10/2020,5
5/10/2020,457
5/10/2020,193
5/3/2020,3
5/3/2020,2
5/3/2020,5
5/3/2020,2
4/26/2020,65
4/26/2020,3
4/26/2020,10
4/19/2020,3
4/19/2020,696
4/19/2020,133
4/12/2020,3277
4/12/2020,984
4/12/2020,1728
4/5/2020,144
4/5/2020,1056
4/5/2020,12
4/5/2020,12
4/5/2020,1249
3/29/2020,4368
3/29/2020,24
3/29/2020,24
3/29/2020,12
3/29/2020,2004
3/22/2020,1668
3/29/2020,312
3/22/2020,12
3/22/2020,348
3/22/2020,4860
3/15/2020,374
3/15/2020,1596
3/15/2020,1656
3/8/2020,3240
3/8/2020,25
3/1/2020,207
3/1/2020,10
3/1/2020,1333
2/23/2020,4224
2/23/2020,168
2/16/2020,132
2/16/2020,120
2/16/2020,601
2/16/2020,2616
2/9/2020,3016
2/9/2020,73
2/9/2020,805
2/9/2020,600
2/2/2020,12
2/2/2020,1080
2/2/2020,9626
2/2/2020,6984
1/26/2020,396
1/26/2020,480
1/26/2020,734
1/19/2020,0
1/19/2020,84
1/12/2020,1
1/12/2020,1
1/5/2020,1
1/5/2020,6960
1/5/2020,1668
12/29/2019,4656
